#,Name,Type 1,Type 2,HP,Attack,Total,Defense,Sp. Atk,Sp. Def,Speed,Generation,Legendary
1,Bulbasaur,Grass,Poison,45,49,318,49,65,65,45,1,False
2,Ivysaur,Grass,Poison,60,62,405,63,80,80,60,1,False
3,Venusaur,Grass,Poison,80,82,525,83,100,100,80,1,False
3,VenusaurMega Venusaur,Grass,Poison,80,100,625,123,122,120,80,1,False
4,Charmander,Fire,,39,52,309,43,60,50,65,1,False
5,Charmeleon,Fire,,58,64,405,58,80,65,80,1,False
6,Charizard,Fire,Flying,78,84,534,78,109,85,100,1,False
6,CharizardMega Charizard X,Fire,Dragon,78,130,634,111,130,85,100,1,False
6,CharizardMega Charizard Y,Fire,Flying,78,104,634,78,159,115,100,1,False
7,Squirtle,Water,,44,48,314,65,50,64,43,1,False
8,Wartortle,Water,,59,63,405,80,65,80,58,1,False
9,Blastoise,Water,,79,83,530,100,85,105,78,1,False
9,BlastoiseMega Blastoise,Water,,79,103,630,120,135,115,78,1,False
10,Caterpie,Bug,,45,30,195,35,20,20,45,1,False
11,Metapod,Bug,,50,20,205,55,25,25,30,1,False
12,Butterfree,Bug,Flying,60,45,395,50,90,80,70,1,False
13,Weedle,Bug,Poison,40,35,195,30,20,20,50,1,False
14,Kakuna,Bug,Poison,45,25,205,50,25,25,35,1,False
15,Beedrill,Bug,Poison,65,90,395,40,45,80,75,1,False
15,BeedrillMega Beedrill,Bug,Poison,65,150,495,40,15,80,145,1,False
16,Pidgey,Normal,Flying,40,45,251,40,35,35,56,1,False
17,Pidgeotto,Normal,Flying,63,60,349,55,50,50,71,1,False
18,Pidgeot,Normal,Flying,83,80,479,75,70,70,101,1,False
18,PidgeotMega Pidgeot,Normal,Flying,83,80,579,80,135,80,121,1,False
19,Rattata,Normal,,30,56,253,35,25,35,72,1,False
20,Raticate,Normal,,55,81,413,60,50,70,97,1,False
21,Spearow,Normal,Flying,40,60,262,30,31,31,70,1,False
22,Fearow,Normal,Flying,65,90,442,65,61,61,100,1,False
23,Ekans,Poison,,35,60,288,44,40,54,55,1,False
24,Arbok,Poison,,60,85,438,69,65,79,80,1,False
25,Pikachu,Electric,,35,55,320,40,50,50,90,1,False
26,Raichu,Electric,,60,90,485,55,90,80,110,1,False
27,Sandshrew,Ground,,50,75,300,85,20,30,40,1,False
28,Sandslash,Ground,,75,100,450,110,45,55,65,1,False
29,Nidoran (Female),Poison,,55,47,275,52,40,40,41,1,False
30,Nidorina,Poison,,70,62,365,67,55,55,56,1,False
31,Nidoqueen,Poison,Ground,90,92,505,87,75,85,76,1,False
32,Nidoran (Male),Poison,,46,57,273,40,40,40,50,1,False
33,Nidorino,Poison,,61,72,365,57,55,55,65,1,False
34,Nidoking,Poison,Ground,81,102,505,77,85,75,85,1,False
35,Clefairy,Fairy,,70,45,323,48,60,65,35,1,False
36,Clefable,Fairy,,95,70,483,73,95,90,60,1,False
37,Vulpix,Fire,,38,41,299,40,50,65,65,1,False
38,Ninetales,Fire,,73,76,505,75,81,100,100,1,False
39,Jigglypuff,Normal,Fairy,115,45,270,20,45,25,20,1,False
40,Wigglytuff,Normal,Fairy,140,70,435,45,85,50,45,1,False
41,Zubat,Poison,Flying,40,45,245,35,30,40,55,1,False
42,Golbat,Poison,Flying,75,80,455,70,65,75,90,1,False
43,Oddish,Grass,Poison,45,50,320,55,75,65,30,1,False
44,Gloom,Grass,Poison,60,65,395,70,85,75,40,1,False
45,Vileplume,Grass,Poison,75,80,490,85,110,90,50,1,False
46,Paras,Bug,Grass,35,70,285,55,45,55,25,1,False
47,Parasect,Bug,Grass,60,95,405,80,60,80,30,1,False
48,Venonat,Bug,Poison,60,55,305,50,40,55,45,1,False
49,Venomoth,Bug,Poison,70,65,450,60,90,75,90,1,False
50,Diglett,Ground,,10,55,265,25,35,45,95,1,False
51,Dugtrio,Ground,,35,80,405,50,50,70,120,1,False
52,Meowth,Normal,,40,45,290,35,40,40,90,1,False
53,Persian,Normal,,65,70,440,60,65,65,115,1,False
54,Psyduck,Water,,50,52,320,48,65,50,55,1,False
55,Golduck,Water,,80,82,500,78,95,80,85,1,False
56,Mankey,Fighting,,40,80,305,35,35,45,70,1,False
57,Primeape,Fighting,,65,105,455,60,60,70,95,1,False
58,Growlithe,Fire,,55,70,350,45,70,50,60,1,False
59,Arcanine,Fire,,90,110,555,80,100,80,95,1,False
60,Poliwag,Water,,40,50,300,40,40,40,90,1,False
61,Poliwhirl,Water,,65,65,385,65,50,50,90,1,False
62,Poliwrath,Water,Fighting,90,95,510,95,70,90,70,1,False
63,Abra,Psychic,,25,20,310,15,105,55,90,1,False
64,Kadabra,Psychic,,40,35,400,30,120,70,105,1,False
65,Alakazam,Psychic,,55,50,500,45,135,95,120,1,False
65,AlakazamMega Alakazam,Psychic,,55,50,590,65,175,95,150,1,False
66,Machop,Fighting,,70,80,305,50,35,35,35,1,False
67,Machoke,Fighting,,80,100,405,70,50,60,45,1,False
68,Machamp,Fighting,,90,130,505,80,65,85,55,1,False
69,Bellsprout,Grass,Poison,50,75,300,35,70,30,40,1,False
70,Weepinbell,Grass,Poison,65,90,390,50,85,45,55,1,False
71,Victreebel,Grass,Poison,80,105,490,65,100,70,70,1,False
72,Tentacool,Water,Poison,40,40,335,35,50,100,70,1,False
73,Tentacruel,Water,Poison,80,70,515,65,80,120,100,1,False
74,Geodude,Rock,Ground,40,80,300,100,30,30,20,1,False
75,Graveler,Rock,Ground,55,95,390,115,45,45,35,1,False
76,Golem,Rock,Ground,80,120,495,130,55,65,45,1,False
77,Ponyta,Fire,,50,85,410,55,65,65,90,1,False
78,Rapidash,Fire,,65,100,500,70,80,80,105,1,False
79,Slowpoke,Water,Psychic,90,65,315,65,40,40,15,1,False
80,Slowbro,Water,Psychic,95,75,490,110,100,80,30,1,False
80,SlowbroMega Slowbro,Water,Psychic,95,75,590,180,130,80,30,1,False
81,Magnemite,Electric,Steel,25,35,325,70,95,55,45,1,False
82,Magneton,Electric,Steel,50,60,465,95,120,70,70,1,False
83,Farfetch'd,Normal,Flying,52,65,352,55,58,62,60,1,False
84,Doduo,Normal,Flying,35,85,310,45,35,35,75,1,False
85,Dodrio,Normal,Flying,60,110,460,70,60,60,100,1,False
86,Seel,Water,,65,45,325,55,45,70,45,1,False
87,Dewgong,Water,Ice,90,70,475,80,70,95,70,1,False
88,Grimer,Poison,,80,80,325,50,40,50,25,1,False
89,Muk,Poison,,105,105,500,75,65,100,50,1,False
90,Shellder,Water,,30,65,305,100,45,25,40,1,False
91,Cloyster,Water,Ice,50,95,525,180,85,45,70,1,False
92,Gastly,Ghost,Poison,30,35,310,30,100,35,80,1,False
93,Haunter,Ghost,Poison,45,50,405,45,115,55,95,1,False
94,Gengar,Ghost,Poison,60,65,500,60,130,75,110,1,False
94,GengarMega Gengar,Ghost,Poison,60,65,600,80,170,95,130,1,False
95,Onix,Rock,Ground,35,45,385,160,30,45,70,1,False
96,Drowzee,Psychic,,60,48,328,45,43,90,42,1,False
97,Hypno,Psychic,,85,73,483,70,73,115,67,1,False
98,Krabby,Water,,30,105,325,90,25,25,50,1,False
99,Kingler,Water,,55,130,475,115,50,50,75,1,False
100,Voltorb,Electric,,40,30,330,50,55,55,100,1,False
101,Electrode,Electric,,60,50,480,70,80,80,140,1,False
102,Exeggcute,Grass,Psychic,60,40,325,80,60,45,40,1,False
103,Exeggutor,Grass,Psychic,95,95,520,85,125,65,55,1,False
104,Cubone,Ground,,50,50,320,95,40,50,35,1,False
105,Marowak,Ground,,60,80,425,110,50,80,45,1,False
106,Hitmonlee,Fighting,,50,120,455,53,35,110,87,1,False
107,Hitmonchan,Fighting,,50,105,455,79,35,110,76,1,False
108,Lickitung,Normal,,90,55,385,75,60,75,30,1,False
109,Koffing,Poison,,40,65,340,95,60,45,35,1,False
110,Weezing,Poison,,65,90,490,120,85,70,60,1,False
111,Rhyhorn,Ground,Rock,80,85,345,95,30,30,25,1,False
112,Rhydon,Ground,Rock,105,130,485,120,45,45,40,1,False
113,Chansey,Normal,,250,5,450,5,35,105,50,1,False
114,Tangela,Grass,,65,55,435,115,100,40,60,1,False
115,Kangaskhan,Normal,,105,95,490,80,40,80,90,1,False
115,KangaskhanMega Kangaskhan,Normal,,105,125,590,100,60,100,100,1,False
116,Horsea,Water,,30,40,295,70,70,25,60,1,False
117,Seadra,Water,,55,65,440,95,95,45,85,1,False
118,Goldeen,Water,,45,67,320,60,35,50,63,1,False
119,Seaking,Water,,80,92,450,65,65,80,68,1,False
120,Staryu,Water,,30,45,340,55,70,55,85,1,False
121,Starmie,Water,Psychic,60,75,520,85,100,85,115,1,False
122,Mr. Mime,Psychic,Fairy,40,45,460,65,100,120,90,1,False
123,Scyther,Bug,Flying,70,110,500,80,55,80,105,1,False
124,Jynx,Ice,Psychic,65,50,455,35,115,95,95,1,False
125,Electabuzz,Electric,,65,83,490,57,95,85,105,1,False
126,Magmar,Fire,,65,95,495,57,100,85,93,1,False
127,Pinsir,Bug,,65,125,500,100,55,70,85,1,False
127,PinsirMega Pinsir,Bug,Flying,65,155,600,120,65,90,105,1,False
128,Tauros,Normal,,75,100,490,95,40,70,110,1,False
129,Magikarp,Water,,20,10,200,55,15,20,80,1,False
130,Gyarados,Water,Flying,95,125,540,79,60,100,81,1,False
130,GyaradosMega Gyarados,Water,Dark,95,155,640,109,70,130,81,1,False
131,Lapras,Water,Ice,130,85,535,80,85,95,60,1,False
132,Ditto,Normal,,48,48,288,48,48,48,48,1,False
133,Eevee,Normal,,55,55,325,50,45,65,55,1,False
134,Vaporeon,Water,,130,65,525,60,110,95,65,1,False
135,Jolteon,Electric,,65,65,525,60,110,95,130,1,False
136,Flareon,Fire,,65,130,525,60,95,110,65,1,False
137,Porygon,Normal,,65,60,395,70,85,75,40,1,False
138,Omanyte,Rock,Water,35,40,355,100,90,55,35,1,False
139,Omastar,Rock,Water,70,60,495,125,115,70,55,1,False
140,Kabuto,Rock,Water,30,80,355,90,55,45,55,1,False
141,Kabutops,Rock,Water,60,115,495,105,65,70,80,1,False
142,Aerodactyl,Rock,Flying,80,105,515,65,60,75,130,1,False
142,AerodactylMega Aerodactyl,Rock,Flying,80,135,615,85,70,95,150,1,False
143,Snorlax,Normal,,160,110,540,65,65,110,30,1,False
144,Articuno,Ice,Flying,90,85,580,100,95,125,85,1,True
145,Zapdos,Electric,Flying,90,90,580,85,125,90,100,1,True
146,Moltres,Fire,Flying,90,100,580,90,125,85,90,1,True
147,Dratini,Dragon,,41,64,300,45,50,50,50,1,False
148,Dragonair,Dragon,,61,84,420,65,70,70,70,1,False
149,Dragonite,Dragon,Flying,91,134,600,95,100,100,80,1,False
150,Mewtwo,Psychic,,106,110,680,90,154,90,130,1,True
150,MewtwoMega Mewtwo X,Psychic,Fighting,106,190,780,100,154,100,130,1,True
150,MewtwoMega Mewtwo Y,Psychic,,106,150,780,70,194,120,140,1,True
151,Mew,Psychic,,100,100,600,100,100,100,100,1,False
152,Chikorita,Grass,,45,49,318,65,49,65,45,2,False
153,Bayleef,Grass,,60,62,405,80,63,80,60,2,False
154,Meganium,Grass,,80,82,525,100,83,100,80,2,False
155,Cyndaquil,Fire,,39,52,309,43,60,50,65,2,False
156,Quilava,Fire,,58,64,405,58,80,65,80,2,False
157,Typhlosion,Fire,,78,84,534,78,109,85,100,2,False
158,Totodile,Water,,50,65,314,64,44,48,43,2,False
159,Croconaw,Water,,65,80,405,80,59,63,58,2,False
160,Feraligatr,Water,,85,105,530,100,79,83,78,2,False
161,Sentret,Normal,,35,46,215,34,35,45,20,2,False
162,Furret,Normal,,85,76,415,64,45,55,90,2,False
163,Hoothoot,Normal,Flying,60,30,262,30,36,56,50,2,False
164,Noctowl,Normal,Flying,100,50,442,50,76,96,70,2,False
165,Ledyba,Bug,Flying,40,20,265,30,40,80,55,2,False
166,Ledian,Bug,Flying,55,35,390,50,55,110,85,2,False
167,Spinarak,Bug,Poison,40,60,250,40,40,40,30,2,False
168,Ariados,Bug,Poison,70,90,390,70,60,60,40,2,False
169,Crobat,Poison,Flying,85,90,535,80,70,80,130,2,False
170,Chinchou,Water,Electric,75,38,330,38,56,56,67,2,False
171,Lanturn,Water,Electric,125,58,460,58,76,76,67,2,False
172,Pichu,Electric,,20,40,205,15,35,35,60,2,False
173,Cleffa,Fairy,,50,25,218,28,45,55,15,2,False
174,Igglybuff,Normal,Fairy,90,30,210,15,40,20,15,2,False
175,Togepi,Fairy,,35,20,245,65,40,65,20,2,False
176,Togetic,Fairy,Flying,55,40,405,85,80,105,40,2,False
177,Natu,Psychic,Flying,40,50,320,45,70,45,70,2,False
178,Xatu,Psychic,Flying,65,75,470,70,95,70,95,2,False
179,Mareep,Electric,,55,40,280,40,65,45,35,2,False
180,Flaaffy,Electric,,70,55,365,55,80,60,45,2,False
181,Ampharos,Electric,,90,75,510,85,115,90,55,2,False
181,AmpharosMega Ampharos,Electric,Dragon,90,95,610,105,165,110,45,2,False
182,Bellossom,Grass,,75,80,490,95,90,100,50,2,False
183,Marill,Water,Fairy,70,20,250,50,20,50,40,2,False
184,Azumarill,Water,Fairy,100,50,420,80,60,80,50,2,False
185,Sudowoodo,Rock,,70,100,410,115,30,65,30,2,False
186,Politoed,Water,,90,75,500,75,90,100,70,2,False
187,Hoppip,Grass,Flying,35,35,250,40,35,55,50,2,False
188,Skiploom,Grass,Flying,55,45,340,50,45,65,80,2,False
189,Jumpluff,Grass,Flying,75,55,460,70,55,95,110,2,False
190,Aipom,Normal,,55,70,360,55,40,55,85,2,False
191,Sunkern,Grass,,30,30,180,30,30,30,30,2,False
192,Sunflora,Grass,,75,75,425,55,105,85,30,2,False
193,Yanma,Bug,Flying,65,65,390,45,75,45,95,2,False
194,Wooper,Water,Ground,55,45,210,45,25,25,15,2,False
195,Quagsire,Water,Ground,95,85,430,85,65,65,35,2,False
196,Espeon,Psychic,,65,65,525,60,130,95,110,2,False
197,Umbreon,Dark,,95,65,525,110,60,130,65,2,False
198,Murkrow,Dark,Flying,60,85,405,42,85,42,91,2,False
199,Slowking,Water,Psychic,95,75,490,80,100,110,30,2,False
200,Misdreavus,Ghost,,60,60,435,60,85,85,85,2,False
201,Unown,Psychic,,48,72,336,48,72,48,48,2,False
202,Wobbuffet,Psychic,,190,33,405,58,33,58,33,2,False
203,Girafarig,Normal,Psychic,70,80,455,65,90,65,85,2,False
204,Pineco,Bug,,50,65,290,90,35,35,15,2,False
205,Forretress,Bug,Steel,75,90,465,140,60,60,40,2,False
206,Dunsparce,Normal,,100,70,415,70,65,65,45,2,False
207,Gligar,Ground,Flying,65,75,430,105,35,65,85,2,False
208,Steelix,Steel,Ground,75,85,510,200,55,65,30,2,False
208,SteelixMega Steelix,Steel,Ground,75,125,610,230,55,95,30,2,False
209,Snubbull,Fairy,,60,80,300,50,40,40,30,2,False
210,Granbull,Fairy,,90,120,450,75,60,60,45,2,False
211,Qwilfish,Water,Poison,65,95,430,75,55,55,85,2,False
212,Scizor,Bug,Steel,70,130,500,100,55,80,65,2,False
212,ScizorMega Scizor,Bug,Steel,70,150,600,140,65,100,75,2,False
213,Shuckle,Bug,Rock,20,10,505,230,10,230,5,2,False
214,Heracross,Bug,Fighting,80,125,500,75,40,95,85,2,False
214,HeracrossMega Heracross,Bug,Fighting,80,185,600,115,40,105,75,2,False
215,Sneasel,Dark,Ice,55,95,430,55,35,75,115,2,False
216,Teddiursa,Normal,,60,80,330,50,50,50,40,2,False
217,Ursaring,Normal,,90,130,500,75,75,75,55,2,False
218,Slugma,Fire,,40,40,250,40,70,40,20,2,False
219,Magcargo,Fire,Rock,50,50,410,120,80,80,30,2,False
220,Swinub,Ice,Ground,50,50,250,40,30,30,50,2,False
221,Piloswine,Ice,Ground,100,100,450,80,60,60,50,2,False
222,Corsola,Water,Rock,55,55,380,85,65,85,35,2,False
223,Remoraid,Water,,35,65,300,35,65,35,65,2,False
224,Octillery,Water,,75,105,480,75,105,75,45,2,False
225,Delibird,Ice,Flying,45,55,330,45,65,45,75,2,False
226,Mantine,Water,Flying,65,40,465,70,80,140,70,2,False
227,Skarmory,Steel,Flying,65,80,465,140,40,70,70,2,False
228,Houndour,Dark,Fire,45,60,330,30,80,50,65,2,False
229,Houndoom,Dark,Fire,75,90,500,50,110,80,95,2,False
229,HoundoomMega Houndoom,Dark,Fire,75,90,600,90,140,90,115,2,False
230,Kingdra,Water,Dragon,75,95,540,95,95,95,85,2,False
231,Phanpy,Ground,,90,60,330,60,40,40,40,2,False
232,Donphan,Ground,,90,120,500,120,60,60,50,2,False
233,Porygon2,Normal,,85,80,515,90,105,95,60,2,False
234,Stantler,Normal,,73,95,465,62,85,65,85,2,False
235,Smeargle,Normal,,55,20,250,35,20,45,75,2,False
236,Tyrogue,Fighting,,35,35,210,35,35,35,35,2,False
237,Hitmontop,Fighting,,50,95,455,95,35,110,70,2,False
238,Smoochum,Ice,Psychic,45,30,305,15,85,65,65,2,False
239,Elekid,Electric,,45,63,360,37,65,55,95,2,False
240,Magby,Fire,,45,75,365,37,70,55,83,2,False
241,Miltank,Normal,,95,80,490,105,40,70,100,2,False
242,Blissey,Normal,,255,10,540,10,75,135,55,2,False
243,Raikou,Electric,,90,85,580,75,115,100,115,2,True
244,Entei,Fire,,115,115,580,85,90,75,100,2,True
245,Suicune,Water,,100,75,580,115,90,115,85,2,True
246,Larvitar,Rock,Ground,50,64,300,50,45,50,41,2,False
247,Pupitar,Rock,Ground,70,84,410,70,65,70,51,2,False
248,Tyranitar,Rock,Dark,100,134,600,110,95,100,61,2,False
248,TyranitarMega Tyranitar,Rock,Dark,100,164,700,150,95,120,71,2,False
249,Lugia,Psychic,Flying,106,90,680,130,90,154,110,2,True
250,Ho-oh,Fire,Flying,106,130,680,90,110,154,90,2,True
251,Celebi,Psychic,Grass,100,100,600,100,100,100,100,2,False
252,Treecko,Grass,,40,45,310,35,65,55,70,3,False
253,Grovyle,Grass,,50,65,405,45,85,65,95,3,False
254,Sceptile,Grass,,70,85,530,65,105,85,120,3,False
254,SceptileMega Sceptile,Grass,Dragon,70,110,630,75,145,85,145,3,False
255,Torchic,Fire,,45,60,310,40,70,50,45,3,False
256,Combusken,Fire,Fighting,60,85,405,60,85,60,55,3,False
257,Blaziken,Fire,Fighting,80,120,530,70,110,70,80,3,False
257,BlazikenMega Blaziken,Fire,Fighting,80,160,630,80,130,80,100,3,False
258,Mudkip,Water,,50,70,310,50,50,50,40,3,False
259,Marshtomp,Water,Ground,70,85,405,70,60,70,50,3,False
260,Swampert,Water,Ground,100,110,535,90,85,90,60,3,False
260,SwampertMega Swampert,Water,Ground,100,150,635,110,95,110,70,3,False
261,Poochyena,Dark,,35,55,220,35,30,30,35,3,False
262,Mightyena,Dark,,70,90,420,70,60,60,70,3,False
263,Zigzagoon,Normal,,38,30,240,41,30,41,60,3,False
264,Linoone,Normal,,78,70,420,61,50,61,100,3,False
265,Wurmple,Bug,,45,45,195,35,20,30,20,3,False
266,Silcoon,Bug,,50,35,205,55,25,25,15,3,False
267,Beautifly,Bug,Flying,60,70,395,50,100,50,65,3,False
268,Cascoon,Bug,,50,35,205,55,25,25,15,3,False
269,Dustox,Bug,Poison,60,50,385,70,50,90,65,3,False
270,Lotad,Water,Grass,40,30,220,30,40,50,30,3,False
271,Lombre,Water,Grass,60,50,340,50,60,70,50,3,False
272,Ludicolo,Water,Grass,80,70,480,70,90,100,70,3,False
273,Seedot,Grass,,40,40,220,50,30,30,30,3,False
274,Nuzleaf,Grass,Dark,70,70,340,40,60,40,60,3,False
275,Shiftry,Grass,Dark,90,100,480,60,90,60,80,3,False
276,Taillow,Normal,Flying,40,55,270,30,30,30,85,3,False
277,Swellow,Normal,Flying,60,85,430,60,50,50,125,3,False
278,Wingull,Water,Flying,40,30,270,30,55,30,85,3,False
279,Pelipper,Water,Flying,60,50,430,100,85,70,65,3,False
280,Ralts,Psychic,Fairy,28,25,198,25,45,35,40,3,False
281,Kirlia,Psychic,Fairy,38,35,278,35,65,55,50,3,False
282,Gardevoir,Psychic,Fairy,68,65,518,65,125,115,80,3,False
282,GardevoirMega Gardevoir,Psychic,Fairy,68,85,618,65,165,135,100,3,False
283,Surskit,Bug,Water,40,30,269,32,50,52,65,3,False
284,Masquerain,Bug,Flying,70,60,414,62,80,82,60,3,False
285,Shroomish,Grass,,60,40,295,60,40,60,35,3,False
286,Breloom,Grass,Fighting,60,130,460,80,60,60,70,3,False
287,Slakoth,Normal,,60,60,280,60,35,35,30,3,False
288,Vigoroth,Normal,,80,80,440,80,55,55,90,3,False
289,Slaking,Normal,,150,160,670,100,95,65,100,3,False
290,Nincada,Bug,Ground,31,45,266,90,30,30,40,3,False
291,Ninjask,Bug,Flying,61,90,456,45,50,50,160,3,False
292,Shedinja,Bug,Ghost,1,90,236,45,30,30,40,3,False
293,Whismur,Normal,,64,51,240,23,51,23,28,3,False
294,Loudred,Normal,,84,71,360,43,71,43,48,3,False
295,Exploud,Normal,,104,91,490,63,91,73,68,3,False
296,Makuhita,Fighting,,72,60,237,30,20,30,25,3,False
297,Hariyama,Fighting,,144,120,474,60,40,60,50,3,False
298,Azurill,Normal,Fairy,50,20,190,40,20,40,20,3,False
299,Nosepass,Rock,,30,45,375,135,45,90,30,3,False
300,Skitty,Normal,,50,45,260,45,35,35,50,3,False
301,Delcatty,Normal,,70,65,380,65,55,55,70,3,False
302,Sableye,Dark,Ghost,50,75,380,75,65,65,50,3,False
302,SableyeMega Sableye,Dark,Ghost,50,85,480,125,85,115,20,3,False
303,Mawile,Steel,Fairy,50,85,380,85,55,55,50,3,False
303,MawileMega Mawile,Steel,Fairy,50,105,480,125,55,95,50,3,False
304,Aron,Steel,Rock,50,70,330,100,40,40,30,3,False
305,Lairon,Steel,Rock,60,90,430,140,50,50,40,3,False
306,Aggron,Steel,Rock,70,110,530,180,60,60,50,3,False
306,AggronMega Aggron,Steel,,70,140,630,230,60,80,50,3,False
307,Meditite,Fighting,Psychic,30,40,280,55,40,55,60,3,False
308,Medicham,Fighting,Psychic,60,60,410,75,60,75,80,3,False
308,MedichamMega Medicham,Fighting,Psychic,60,100,510,85,80,85,100,3,False
309,Electrike,Electric,,40,45,295,40,65,40,65,3,False
310,Manectric,Electric,,70,75,475,60,105,60,105,3,False
310,ManectricMega Manectric,Electric,,70,75,575,80,135,80,135,3,False
311,Plusle,Electric,,60,50,405,40,85,75,95,3,False
312,Minun,Electric,,60,40,405,50,75,85,95,3,False
313,Volbeat,Bug,,65,73,400,55,47,75,85,3,False
314,Illumise,Bug,,65,47,400,55,73,75,85,3,False
315,Roselia,Grass,Poison,50,60,400,45,100,80,65,3,False
316,Gulpin,Poison,,70,43,302,53,43,53,40,3,False
317,Swalot,Poison,,100,73,467,83,73,83,55,3,False
318,Carvanha,Water,Dark,45,90,305,20,65,20,65,3,False
319,Sharpedo,Water,Dark,70,120,460,40,95,40,95,3,False
319,SharpedoMega Sharpedo,Water,Dark,70,140,560,70,110,65,105,3,False
320,Wailmer,Water,,130,70,400,35,70,35,60,3,False
321,Wailord,Water,,170,90,500,45,90,45,60,3,False
322,Numel,Fire,Ground,60,60,305,40,65,45,35,3,False
323,Camerupt,Fire,Ground,70,100,460,70,105,75,40,3,False
323,CameruptMega Camerupt,Fire,Ground,70,120,560,100,145,105,20,3,False
324,Torkoal,Fire,,70,85,470,140,85,70,20,3,False
325,Spoink,Psychic,,60,25,330,35,70,80,60,3,False
326,Grumpig,Psychic,,80,45,470,65,90,110,80,3,False
327,Spinda,Normal,,60,60,360,60,60,60,60,3,False
328,Trapinch,Ground,,45,100,290,45,45,45,10,3,False
329,Vibrava,Ground,Dragon,50,70,340,50,50,50,70,3,False
330,Flygon,Ground,Dragon,80,100,520,80,80,80,100,3,False
331,Cacnea,Grass,,50,85,335,40,85,40,35,3,False
332,Cacturne,Grass,Dark,70,115,475,60,115,60,55,3,False
333,Swablu,Normal,Flying,45,40,310,60,40,75,50,3,False
334,Altaria,Dragon,Flying,75,70,490,90,70,105,80,3,False
334,AltariaMega Altaria,Dragon,Fairy,75,110,590,110,110,105,80,3,False
335,Zangoose,Normal,,73,115,458,60,60,60,90,3,False
336,Seviper,Poison,,73,100,458,60,100,60,65,3,False
337,Lunatone,Rock,Psychic,70,55,440,65,95,85,70,3,False
338,Solrock,Rock,Psychic,70,95,440,85,55,65,70,3,False
339,Barboach,Water,Ground,50,48,288,43,46,41,60,3,False
340,Whiscash,Water,Ground,110,78,468,73,76,71,60,3,False
341,Corphish,Water,,43,80,308,65,50,35,35,3,False
342,Crawdaunt,Water,Dark,63,120,468,85,90,55,55,3,False
343,Baltoy,Ground,Psychic,40,40,300,55,40,70,55,3,False
344,Claydol,Ground,Psychic,60,70,500,105,70,120,75,3,False
345,Lileep,Rock,Grass,66,41,355,77,61,87,23,3,False
346,Cradily,Rock,Grass,86,81,495,97,81,107,43,3,False
347,Anorith,Rock,Bug,45,95,355,50,40,50,75,3,False
348,Armaldo,Rock,Bug,75,125,495,100,70,80,45,3,False
349,Feebas,Water,,20,15,200,20,10,55,80,3,False
350,Milotic,Water,,95,60,540,79,100,125,81,3,False
351,Castform,Normal,,70,70,420,70,70,70,70,3,False
352,Kecleon,Normal,,60,90,440,70,60,120,40,3,False
353,Shuppet,Ghost,,44,75,295,35,63,33,45,3,False
354,Banette,Ghost,,64,115,455,65,83,63,65,3,False
354,BanetteMega Banette,Ghost,,64,165,555,75,93,83,75,3,False
355,Duskull,Ghost,,20,40,295,90,30,90,25,3,False
356,Dusclops,Ghost,,40,70,455,130,60,130,25,3,False
357,Tropius,Grass,Flying,99,68,460,83,72,87,51,3,False
358,Chimecho,Psychic,,65,50,425,70,95,80,65,3,False
359,Absol,Dark,,65,130,465,60,75,60,75,3,False
359,AbsolMega Absol,Dark,,65,150,565,60,115,60,115,3,False
360,Wynaut,Psychic,,95,23,260,48,23,48,23,3,False
361,Snorunt,Ice,,50,50,300,50,50,50,50,3,False
362,Glalie,Ice,,80,80,480,80,80,80,80,3,False
362,GlalieMega Glalie,Ice,,80,120,580,80,120,80,100,3,False
363,Spheal,Ice,Water,70,40,290,50,55,50,25,3,False
364,Sealeo,Ice,Water,90,60,410,70,75,70,45,3,False
365,Walrein,Ice,Water,110,80,530,90,95,90,65,3,False
366,Clamperl,Water,,35,64,345,85,74,55,32,3,False
367,Huntail,Water,,55,104,485,105,94,75,52,3,False
368,Gorebyss,Water,,55,84,485,105,114,75,52,3,False
369,Relicanth,Water,Rock,100,90,485,130,45,65,55,3,False
370,Luvdisc,Water,,43,30,330,55,40,65,97,3,False
371,Bagon,Dragon,,45,75,300,60,40,30,50,3,False
372,Shelgon,Dragon,,65,95,420,100,60,50,50,3,False
373,Salamence,Dragon,Flying,95,135,600,80,110,80,100,3,False
373,SalamenceMega Salamence,Dragon,Flying,95,145,700,130,120,90,120,3,False
374,Beldum,Steel,Psychic,40,55,300,80,35,60,30,3,False
375,Metang,Steel,Psychic,60,75,420,100,55,80,50,3,False
376,Metagross,Steel,Psychic,80,135,600,130,95,90,70,3,False
376,MetagrossMega Metagross,Steel,Psychic,80,145,700,150,105,110,110,3,False
377,Regirock,Rock,,80,100,580,200,50,100,50,3,True
378,Regice,Ice,,80,50,580,100,100,200,50,3,True
379,Registeel,Steel,,80,75,580,150,75,150,50,3,True
380,Latias,Dragon,Psychic,80,80,600,90,110,130,110,3,True
380,LatiasMega Latias,Dragon,Psychic,80,100,700,120,140,150,110,3,True
381,Latios,Dragon,Psychic,80,90,600,80,130,110,110,3,True
381,LatiosMega Latios,Dragon,Psychic,80,130,700,100,160,120,110,3,True
382,Kyogre,Water,,100,100,670,90,150,140,90,3,True
382,KyogrePrimal Kyogre,Water,,100,150,770,90,180,160,90,3,True
383,Groudon,Ground,,100,150,670,140,100,90,90,3,True
383,GroudonPrimal Groudon,Ground,Fire,100,180,770,160,150,90,90,3,True
384,Rayquaza,Dragon,Flying,105,150,680,90,150,90,95,3,True
384,RayquazaMega Rayquaza,Dragon,Flying,105,180,780,100,180,100,115,3,True
385,Jirachi,Steel,Psychic,100,100,600,100,100,100,100,3,True
386,DeoxysNormal Forme,Psychic,,50,150,600,50,150,50,150,3,True
386,DeoxysAttack Forme,Psychic,,50,180,600,20,180,20,150,3,True
386,DeoxysDefense Forme,Psychic,,50,70,600,160,70,160,90,3,True
386,DeoxysSpeed Forme,Psychic,,50,95,600,90,95,90,180,3,True
387,Turtwig,Grass,,55,68,318,64,45,55,31,4,False
388,Grotle,Grass,,75,89,405,85,55,65,36,4,False
389,Torterra,Grass,Ground,95,109,525,105,75,85,56,4,False
390,Chimchar,Fire,,44,58,309,44,58,44,61,4,False
391,Monferno,Fire,Fighting,64,78,405,52,78,52,81,4,False
392,Infernape,Fire,Fighting,76,104,534,71,104,71,108,4,False
393,Piplup,Water,,53,51,314,53,61,56,40,4,False
394,Prinplup,Water,,64,66,405,68,81,76,50,4,False
395,Empoleon,Water,Steel,84,86,530,88,111,101,60,4,False
396,Starly,Normal,Flying,40,55,245,30,30,30,60,4,False
397,Staravia,Normal,Flying,55,75,340,50,40,40,80,4,False
398,Staraptor,Normal,Flying,85,120,485,70,50,60,100,4,False
399,Bidoof,Normal,,59,45,250,40,35,40,31,4,False
400,Bibarel,Normal,Water,79,85,410,60,55,60,71,4,False
401,Kricketot,Bug,,37,25,194,41,25,41,25,4,False
402,Kricketune,Bug,,77,85,384,51,55,51,65,4,False
403,Shinx,Electric,,45,65,263,34,40,34,45,4,False
404,Luxio,Electric,,60,85,363,49,60,49,60,4,False
405,Luxray,Electric,,80,120,523,79,95,79,70,4,False
406,Budew,Grass,Poison,40,30,280,35,50,70,55,4,False
407,Roserade,Grass,Poison,60,70,515,65,125,105,90,4,False
408,Cranidos,Rock,,67,125,350,40,30,30,58,4,False
409,Rampardos,Rock,,97,165,495,60,65,50,58,4,False
410,Shieldon,Rock,Steel,30,42,350,118,42,88,30,4,False
411,Bastiodon,Rock,Steel,60,52,495,168,47,138,30,4,False
412,Burmy,Bug,,40,29,224,45,29,45,36,4,False
413,WormadamPlant Cloak,Bug,Grass,60,59,424,85,79,105,36,4,False
413,WormadamSandy Cloak,Bug,Ground,60,79,424,105,59,85,36,4,False
413,WormadamTrash Cloak,Bug,Steel,60,69,424,95,69,95,36,4,False
414,Mothim,Bug,Flying,70,94,424,50,94,50,66,4,False
415,Combee,Bug,Flying,30,30,244,42,30,42,70,4,False
416,Vespiquen,Bug,Flying,70,80,474,102,80,102,40,4,False
417,Pachirisu,Electric,,60,45,405,70,45,90,95,4,False
418,Buizel,Water,,55,65,330,35,60,30,85,4,False
419,Floatzel,Water,,85,105,495,55,85,50,115,4,False
420,Cherubi,Grass,,45,35,275,45,62,53,35,4,False
421,Cherrim,Grass,,70,60,450,70,87,78,85,4,False
422,Shellos,Water,,76,48,325,48,57,62,34,4,False
423,Gastrodon,Water,Ground,111,83,475,68,92,82,39,4,False
424,Ambipom,Normal,,75,100,482,66,60,66,115,4,False
425,Drifloon,Ghost,Flying,90,50,348,34,60,44,70,4,False
426,Drifblim,Ghost,Flying,150,80,498,44,90,54,80,4,False
427,Buneary,Normal,,55,66,350,44,44,56,85,4,False
428,Lopunny,Normal,,65,76,480,84,54,96,105,4,False
428,LopunnyMega Lopunny,Normal,Fighting,65,136,580,94,54,96,135,4,False
429,Mismagius,Ghost,,60,60,495,60,105,105,105,4,False
430,Honchkrow,Dark,Flying,100,125,505,52,105,52,71,4,False
431,Glameow,Normal,,49,55,310,42,42,37,85,4,False
432,Purugly,Normal,,71,82,452,64,64,59,112,4,False
433,Chingling,Psychic,,45,30,285,50,65,50,45,4,False
434,Stunky,Poison,Dark,63,63,329,47,41,41,74,4,False
435,Skuntank,Poison,Dark,103,93,479,67,71,61,84,4,False
436,Bronzor,Steel,Psychic,57,24,300,86,24,86,23,4,False
437,Bronzong,Steel,Psychic,67,89,500,116,79,116,33,4,False
438,Bonsly,Rock,,50,80,290,95,10,45,10,4,False
439,Mime Jr.,Psychic,Fairy,20,25,310,45,70,90,60,4,False
440,Happiny,Normal,,100,5,220,5,15,65,30,4,False
441,Chatot,Normal,Flying,76,65,411,45,92,42,91,4,False
442,Spiritomb,Ghost,Dark,50,92,485,108,92,108,35,4,False
443,Gible,Dragon,Ground,58,70,300,45,40,45,42,4,False
444,Gabite,Dragon,Ground,68,90,410,65,50,55,82,4,False
445,Garchomp,Dragon,Ground,108,130,600,95,80,85,102,4,False
445,GarchompMega Garchomp,Dragon,Ground,108,170,700,115,120,95,92,4,False
446,Munchlax,Normal,,135,85,390,40,40,85,5,4,False
447,Riolu,Fighting,,40,70,285,40,35,40,60,4,False
448,Lucario,Fighting,Steel,70,110,525,70,115,70,90,4,False
448,LucarioMega Lucario,Fighting,Steel,70,145,625,88,140,70,112,4,False
449,Hippopotas,Ground,,68,72,330,78,38,42,32,4,False
450,Hippowdon,Ground,,108,112,525,118,68,72,47,4,False
451,Skorupi,Poison,Bug,40,50,330,90,30,55,65,4,False
452,Drapion,Poison,Dark,70,90,500,110,60,75,95,4,False
453,Croagunk,Poison,Fighting,48,61,300,40,61,40,50,4,False
454,Toxicroak,Poison,Fighting,83,106,490,65,86,65,85,4,False
455,Carnivine,Grass,,74,100,454,72,90,72,46,4,False
456,Finneon,Water,,49,49,330,56,49,61,66,4,False
457,Lumineon,Water,,69,69,460,76,69,86,91,4,False
458,Mantyke,Water,Flying,45,20,345,50,60,120,50,4,False
459,Snover,Grass,Ice,60,62,334,50,62,60,40,4,False
460,Abomasnow,Grass,Ice,90,92,494,75,92,85,60,4,False
460,AbomasnowMega Abomasnow,Grass,Ice,90,132,594,105,132,105,30,4,False
461,Weavile,Dark,Ice,70,120,510,65,45,85,125,4,False
462,Magnezone,Electric,Steel,70,70,535,115,130,90,60,4,False
463,Lickilicky,Normal,,110,85,515,95,80,95,50,4,False
464,Rhyperior,Ground,Rock,115,140,535,130,55,55,40,4,False
465,Tangrowth,Grass,,100,100,535,125,110,50,50,4,False
466,Electivire,Electric,,75,123,540,67,95,85,95,4,False
467,Magmortar,Fire,,75,95,540,67,125,95,83,4,False
468,Togekiss,Fairy,Flying,85,50,545,95,120,115,80,4,False
469,Yanmega,Bug,Flying,86,76,515,86,116,56,95,4,False
470,Leafeon,Grass,,65,110,525,130,60,65,95,4,False
471,Glaceon,Ice,,65,60,525,110,130,95,65,4,False
472,Gliscor,Ground,Flying,75,95,510,125,45,75,95,4,False
473,Mamoswine,Ice,Ground,110,130,530,80,70,60,80,4,False
474,Porygon-Z,Normal,,85,80,535,70,135,75,90,4,False
475,Gallade,Psychic,Fighting,68,125,518,65,65,115,80,4,False
475,GalladeMega Gallade,Psychic,Fighting,68,165,618,95,65,115,110,4,False
476,Probopass,Rock,Steel,60,55,525,145,75,150,40,4,False
477,Dusknoir,Ghost,,45,100,525,135,65,135,45,4,False
478,Froslass,Ice,Ghost,70,80,480,70,80,70,110,4,False
479,Rotom,Electric,Ghost,50,50,440,77,95,77,91,4,False
479,RotomHeat Rotom,Electric,Fire,50,65,520,107,105,107,86,4,False
479,RotomWash Rotom,Electric,Water,50,65,520,107,105,107,86,4,False
479,RotomFrost Rotom,Electric,Ice,50,65,520,107,105,107,86,4,False
479,RotomFan Rotom,Electric,Flying,50,65,520,107,105,107,86,4,False
479,RotomMow Rotom,Electric,Grass,50,65,520,107,105,107,86,4,False
480,Uxie,Psychic,,75,75,580,130,75,130,95,4,True
481,Mesprit,Psychic,,80,105,580,105,105,105,80,4,True
482,Azelf,Psychic,,75,125,580,70,125,70,115,4,True
483,Dialga,Steel,Dragon,100,120,680,120,150,100,90,4,True
484,Palkia,Water,Dragon,90,120,680,100,150,120,100,4,True
485,Heatran,Fire,Steel,91,90,600,106,130,106,77,4,True
486,Regigigas,Normal,,110,160,670,110,80,110,100,4,True
487,GiratinaAltered Forme,Ghost,Dragon,150,100,680,120,100,120,90,4,True
487,GiratinaOrigin Forme,Ghost,Dragon,150,120,680,100,120,100,90,4,True
488,Cresselia,Psychic,,120,70,600,120,75,130,85,4,False
489,Phione,Water,,80,80,480,80,80,80,80,4,False
490,Manaphy,Water,,100,100,600,100,100,100,100,4,False
491,Darkrai,Dark,,70,90,600,90,135,90,125,4,True
492,ShayminLand Forme,Grass,,100,100,600,100,100,100,100,4,True
492,ShayminSky Forme,Grass,Flying,100,103,600,75,120,75,127,4,True
493,Arceus,Normal,,120,120,720,120,120,120,120,4,True
494,Victini,Psychic,Fire,100,100,600,100,100,100,100,5,True
495,Snivy,Grass,,45,45,308,55,45,55,63,5,False
496,Servine,Grass,,60,60,413,75,60,75,83,5,False
497,Serperior,Grass,,75,75,528,95,75,95,113,5,False
498,Tepig,Fire,,65,63,308,45,45,45,45,5,False
499,Pignite,Fire,Fighting,90,93,418,55,70,55,55,5,False
500,Emboar,Fire,Fighting,110,123,528,65,100,65,65,5,False
501,Oshawott,Water,,55,55,308,45,63,45,45,5,False
502,Dewott,Water,,75,75,413,60,83,60,60,5,False
503,Samurott,Water,,95,100,528,85,108,70,70,5,False
504,Patrat,Normal,,45,55,255,39,35,39,42,5,False
505,Watchog,Normal,,60,85,420,69,60,69,77,5,False
506,Lillipup,Normal,,45,60,275,45,25,45,55,5,False
507,Herdier,Normal,,65,80,370,65,35,65,60,5,False
508,Stoutland,Normal,,85,110,500,90,45,90,80,5,False
509,Purrloin,Dark,,41,50,281,37,50,37,66,5,False
510,Liepard,Dark,,64,88,446,50,88,50,106,5,False
511,Pansage,Grass,,50,53,316,48,53,48,64,5,False
512,Simisage,Grass,,75,98,498,63,98,63,101,5,False
513,Pansear,Fire,,50,53,316,48,53,48,64,5,False
514,Simisear,Fire,,75,98,498,63,98,63,101,5,False
515,Panpour,Water,,50,53,316,48,53,48,64,5,False
516,Simipour,Water,,75,98,498,63,98,63,101,5,False
517,Munna,Psychic,,76,25,292,45,67,55,24,5,False
518,Musharna,Psychic,,116,55,487,85,107,95,29,5,False
519,Pidove,Normal,Flying,50,55,264,50,36,30,43,5,False
520,Tranquill,Normal,Flying,62,77,358,62,50,42,65,5,False
521,Unfezant,Normal,Flying,80,115,488,80,65,55,93,5,False
522,Blitzle,Electric,,45,60,295,32,50,32,76,5,False
523,Zebstrika,Electric,,75,100,497,63,80,63,116,5,False
524,Roggenrola,Rock,,55,75,280,85,25,25,15,5,False
525,Boldore,Rock,,70,105,390,105,50,40,20,5,False
526,Gigalith,Rock,,85,135,515,130,60,80,25,5,False
527,Woobat,Psychic,Flying,55,45,313,43,55,43,72,5,False
528,Swoobat,Psychic,Flying,67,57,425,55,77,55,114,5,False
529,Drilbur,Ground,,60,85,328,40,30,45,68,5,False
530,Excadrill,Ground,Steel,110,135,508,60,50,65,88,5,False
531,Audino,Normal,,103,60,445,86,60,86,50,5,False
531,AudinoMega Audino,Normal,Fairy,103,60,545,126,80,126,50,5,False
532,Timburr,Fighting,,75,80,305,55,25,35,35,5,False
533,Gurdurr,Fighting,,85,105,405,85,40,50,40,5,False
534,Conkeldurr,Fighting,,105,140,505,95,55,65,45,5,False
535,Tympole,Water,,50,50,294,40,50,40,64,5,False
536,Palpitoad,Water,Ground,75,65,384,55,65,55,69,5,False
537,Seismitoad,Water,Ground,105,95,509,75,85,75,74,5,False
538,Throh,Fighting,,120,100,465,85,30,85,45,5,False
539,Sawk,Fighting,,75,125,465,75,30,75,85,5,False
540,Sewaddle,Bug,Grass,45,53,310,70,40,60,42,5,False
541,Swadloon,Bug,Grass,55,63,380,90,50,80,42,5,False
542,Leavanny,Bug,Grass,75,103,500,80,70,80,92,5,False
543,Venipede,Bug,Poison,30,45,260,59,30,39,57,5,False
544,Whirlipede,Bug,Poison,40,55,360,99,40,79,47,5,False
545,Scolipede,Bug,Poison,60,100,485,89,55,69,112,5,False
546,Cottonee,Grass,Fairy,40,27,280,60,37,50,66,5,False
547,Whimsicott,Grass,Fairy,60,67,480,85,77,75,116,5,False
548,Petilil,Grass,,45,35,280,50,70,50,30,5,False
549,Lilligant,Grass,,70,60,480,75,110,75,90,5,False
550,Basculin,Water,,70,92,460,65,80,55,98,5,False
551,Sandile,Ground,Dark,50,72,292,35,35,35,65,5,False
552,Krokorok,Ground,Dark,60,82,351,45,45,45,74,5,False
553,Krookodile,Ground,Dark,95,117,519,80,65,70,92,5,False
554,Darumaka,Fire,,70,90,315,45,15,45,50,5,False
555,DarmanitanStandard Mode,Fire,,105,140,480,55,30,55,95,5,False
555,DarmanitanZen Mode,Fire,Psychic,105,30,540,105,140,105,55,5,False
556,Maractus,Grass,,75,86,461,67,106,67,60,5,False
557,Dwebble,Bug,Rock,50,65,325,85,35,35,55,5,False
558,Crustle,Bug,Rock,70,95,475,125,65,75,45,5,False
559,Scraggy,Dark,Fighting,50,75,348,70,35,70,48,5,False
560,Scrafty,Dark,Fighting,65,90,488,115,45,115,58,5,False
561,Sigilyph,Psychic,Flying,72,58,490,80,103,80,97,5,False
562,Yamask,Ghost,,38,30,303,85,55,65,30,5,False
563,Cofagrigus,Ghost,,58,50,483,145,95,105,30,5,False
564,Tirtouga,Water,Rock,54,78,355,103,53,45,22,5,False
565,Carracosta,Water,Rock,74,108,495,133,83,65,32,5,False
566,Archen,Rock,Flying,55,112,401,45,74,45,70,5,False
567,Archeops,Rock,Flying,75,140,567,65,112,65,110,5,False
568,Trubbish,Poison,,50,50,329,62,40,62,65,5,False
569,Garbodor,Poison,,80,95,474,82,60,82,75,5,False
570,Zorua,Dark,,40,65,330,40,80,40,65,5,False
571,Zoroark,Dark,,60,105,510,60,120,60,105,5,False
572,Minccino,Normal,,55,50,300,40,40,40,75,5,False
573,Cinccino,Normal,,75,95,470,60,65,60,115,5,False
574,Gothita,Psychic,,45,30,290,50,55,65,45,5,False
575,Gothorita,Psychic,,60,45,390,70,75,85,55,5,False
576,Gothitelle,Psychic,,70,55,490,95,95,110,65,5,False
577,Solosis,Psychic,,45,30,290,40,105,50,20,5,False
578,Duosion,Psychic,,65,40,370,50,125,60,30,5,False
579,Reuniclus,Psychic,,110,65,490,75,125,85,30,5,False
580,Ducklett,Water,Flying,62,44,305,50,44,50,55,5,False
581,Swanna,Water,Flying,75,87,473,63,87,63,98,5,False
582,Vanillite,Ice,,36,50,305,50,65,60,44,5,False
583,Vanillish,Ice,,51,65,395,65,80,75,59,5,False
584,Vanilluxe,Ice,,71,95,535,85,110,95,79,5,False
585,Deerling,Normal,Grass,60,60,335,50,40,50,75,5,False
586,Sawsbuck,Normal,Grass,80,100,475,70,60,70,95,5,False
587,Emolga,Electric,Flying,55,75,428,60,75,60,103,5,False
588,Karrablast,Bug,,50,75,315,45,40,45,60,5,False
589,Escavalier,Bug,Steel,70,135,495,105,60,105,20,5,False
590,Foongus,Grass,Poison,69,55,294,45,55,55,15,5,False
591,Amoonguss,Grass,Poison,114,85,464,70,85,80,30,5,False
592,Frillish,Water,Ghost,55,40,335,50,65,85,40,5,False
593,Jellicent,Water,Ghost,100,60,480,70,85,105,60,5,False
594,Alomomola,Water,,165,75,470,80,40,45,65,5,False
595,Joltik,Bug,Electric,50,47,319,50,57,50,65,5,False
596,Galvantula,Bug,Electric,70,77,472,60,97,60,108,5,False
597,Ferroseed,Grass,Steel,44,50,305,91,24,86,10,5,False
598,Ferrothorn,Grass,Steel,74,94,489,131,54,116,20,5,False
599,Klink,Steel,,40,55,300,70,45,60,30,5,False
600,Klang,Steel,,60,80,440,95,70,85,50,5,False
601,Klinklang,Steel,,60,100,520,115,70,85,90,5,False
602,Tynamo,Electric,,35,55,275,40,45,40,60,5,False
603,Eelektrik,Electric,,65,85,405,70,75,70,40,5,False
604,Eelektross,Electric,,85,115,515,80,105,80,50,5,False
605,Elgyem,Psychic,,55,55,335,55,85,55,30,5,False
606,Beheeyem,Psychic,,75,75,485,75,125,95,40,5,False
607,Litwick,Ghost,Fire,50,30,275,55,65,55,20,5,False
608,Lampent,Ghost,Fire,60,40,370,60,95,60,55,5,False
609,Chandelure,Ghost,Fire,60,55,520,90,145,90,80,5,False
610,Axew,Dragon,,46,87,320,60,30,40,57,5,False
611,Fraxure,Dragon,,66,117,410,70,40,50,67,5,False
612,Haxorus,Dragon,,76,147,540,90,60,70,97,5,False
613,Cubchoo,Ice,,55,70,305,40,60,40,40,5,False
614,Beartic,Ice,,95,110,485,80,70,80,50,5,False
615,Cryogonal,Ice,,70,50,485,30,95,135,105,5,False
616,Shelmet,Bug,,50,40,305,85,40,65,25,5,False
617,Accelgor,Bug,,80,70,495,40,100,60,145,5,False
618,Stunfisk,Ground,Electric,109,66,471,84,81,99,32,5,False
619,Mienfoo,Fighting,,45,85,350,50,55,50,65,5,False
620,Mienshao,Fighting,,65,125,510,60,95,60,105,5,False
621,Druddigon,Dragon,,77,120,485,90,60,90,48,5,False
622,Golett,Ground,Ghost,59,74,303,50,35,50,35,5,False
623,Golurk,Ground,Ghost,89,124,483,80,55,80,55,5,False
624,Pawniard,Dark,Steel,45,85,340,70,40,40,60,5,False
625,Bisharp,Dark,Steel,65,125,490,100,60,70,70,5,False
626,Bouffalant,Normal,,95,110,490,95,40,95,55,5,False
627,Rufflet,Normal,Flying,70,83,350,50,37,50,60,5,False
628,Braviary,Normal,Flying,100,123,510,75,57,75,80,5,False
629,Vullaby,Dark,Flying,70,55,370,75,45,65,60,5,False
630,Mandibuzz,Dark,Flying,110,65,510,105,55,95,80,5,False
631,Heatmor,Fire,,85,97,484,66,105,66,65,5,False
632,Durant,Bug,Steel,58,109,484,112,48,48,109,5,False
633,Deino,Dark,Dragon,52,65,300,50,45,50,38,5,False
634,Zweilous,Dark,Dragon,72,85,420,70,65,70,58,5,False
635,Hydreigon,Dark,Dragon,92,105,600,90,125,90,98,5,False
636,Larvesta,Bug,Fire,55,85,360,55,50,55,60,5,False
637,Volcarona,Bug,Fire,85,60,550,65,135,105,100,5,False
638,Cobalion,Steel,Fighting,91,90,580,129,90,72,108,5,True
639,Terrakion,Rock,Fighting,91,129,580,90,72,90,108,5,True
640,Virizion,Grass,Fighting,91,90,580,72,90,129,108,5,True
641,TornadusIncarnate Forme,Flying,,79,115,580,70,125,80,111,5,True
641,TornadusTherian Forme,Flying,,79,100,580,80,110,90,121,5,True
642,ThundurusIncarnate Forme,Electric,Flying,79,115,580,70,125,80,111,5,True
642,ThundurusTherian Forme,Electric,Flying,79,105,580,70,145,80,101,5,True
643,Reshiram,Dragon,Fire,100,120,680,100,150,120,90,5,True
644,Zekrom,Dragon,Electric,100,150,680,120,120,100,90,5,True
645,LandorusIncarnate Forme,Ground,Flying,89,125,600,90,115,80,101,5,True
645,LandorusTherian Forme,Ground,Flying,89,145,600,90,105,80,91,5,True
646,Kyurem,Dragon,Ice,125,130,660,90,130,90,95,5,True
646,KyuremBlack Kyurem,Dragon,Ice,125,170,700,100,120,90,95,5,True
646,KyuremWhite Kyurem,Dragon,Ice,125,120,700,90,170,100,95,5,True
647,KeldeoOrdinary Forme,Water,Fighting,91,72,580,90,129,90,108,5,False
647,KeldeoResolute Forme,Water,Fighting,91,72,580,90,129,90,108,5,False
648,MeloettaAria Forme,Normal,Psychic,100,77,600,77,128,128,90,5,False
648,MeloettaPirouette Forme,Normal,Fighting,100,128,600,90,77,77,128,5,False
649,Genesect,Bug,Steel,71,120,600,95,120,95,99,5,False
650,Chespin,Grass,,56,61,313,65,48,45,38,6,False
651,Quilladin,Grass,,61,78,405,95,56,58,57,6,False
652,Chesnaught,Grass,Fighting,88,107,530,122,74,75,64,6,False
653,Fennekin,Fire,,40,45,307,40,62,60,60,6,False
654,Braixen,Fire,,59,59,409,58,90,70,73,6,False
655,Delphox,Fire,Psychic,75,69,534,72,114,100,104,6,False
656,Froakie,Water,,41,56,314,40,62,44,71,6,False
657,Frogadier,Water,,54,63,405,52,83,56,97,6,False
658,Greninja,Water,Dark,72,95,530,67,103,71,122,6,False
659,Bunnelby,Normal,,38,36,237,38,32,36,57,6,False
660,Diggersby,Normal,Ground,85,56,423,77,50,77,78,6,False
661,Fletchling,Normal,Flying,45,50,278,43,40,38,62,6,False
662,Fletchinder,Fire,Flying,62,73,382,55,56,52,84,6,False
663,Talonflame,Fire,Flying,78,81,499,71,74,69,126,6,False
664,Scatterbug,Bug,,38,35,200,40,27,25,35,6,False
665,Spewpa,Bug,,45,22,213,60,27,30,29,6,False
666,Vivillon,Bug,Flying,80,52,411,50,90,50,89,6,False
667,Litleo,Fire,Normal,62,50,369,58,73,54,72,6,False
668,Pyroar,Fire,Normal,86,68,507,72,109,66,106,6,False
669,Flabébé,Fairy,,44,38,303,39,61,79,42,6,False
670,Floette,Fairy,,54,45,371,47,75,98,52,6,False
671,Florges,Fairy,,78,65,552,68,112,154,75,6,False
672,Skiddo,Grass,,66,65,350,48,62,57,52,6,False
673,Gogoat,Grass,,123,100,531,62,97,81,68,6,False
674,Pancham,Fighting,,67,82,348,62,46,48,43,6,False
675,Pangoro,Fighting,Dark,95,124,495,78,69,71,58,6,False
676,Furfrou,Normal,,75,80,472,60,65,90,102,6,False
677,Espurr,Psychic,,62,48,355,54,63,60,68,6,False
678,MeowsticMale,Psychic,,74,48,466,76,83,81,104,6,False
678,MeowsticFemale,Psychic,,74,48,466,76,83,81,104,6,False
679,Honedge,Steel,Ghost,45,80,325,100,35,37,28,6,False
680,Doublade,Steel,Ghost,59,110,448,150,45,49,35,6,False
681,AegislashBlade Forme,Steel,Ghost,60,150,520,50,150,50,60,6,False
681,AegislashShield Forme,Steel,Ghost,60,50,520,150,50,150,60,6,False
682,Spritzee,Fairy,,78,52,341,60,63,65,23,6,False
683,Aromatisse,Fairy,,101,72,462,72,99,89,29,6,False
684,Swirlix,Fairy,,62,48,341,66,59,57,49,6,False
685,Slurpuff,Fairy,,82,80,480,86,85,75,72,6,False
686,Inkay,Dark,Psychic,53,54,288,53,37,46,45,6,False
687,Malamar,Dark,Psychic,86,92,482,88,68,75,73,6,False
688,Binacle,Rock,Water,42,52,306,67,39,56,50,6,False
689,Barbaracle,Rock,Water,72,105,500,115,54,86,68,6,False
690,Skrelp,Poison,Water,50,60,320,60,60,60,30,6,False
691,Dragalge,Poison,Dragon,65,75,494,90,97,123,44,6,False
692,Clauncher,Water,,50,53,330,62,58,63,44,6,False
693,Clawitzer,Water,,71,73,500,88,120,89,59,6,False
694,Helioptile,Electric,Normal,44,38,289,33,61,43,70,6,False
695,Heliolisk,Electric,Normal,62,55,481,52,109,94,109,6,False
696,Tyrunt,Rock,Dragon,58,89,362,77,45,45,48,6,False
697,Tyrantrum,Rock,Dragon,82,121,521,119,69,59,71,6,False
698,Amaura,Rock,Ice,77,59,362,50,67,63,46,6,False
699,Aurorus,Rock,Ice,123,77,521,72,99,92,58,6,False
700,Sylveon,Fairy,,95,65,525,65,110,130,60,6,False
701,Hawlucha,Fighting,Flying,78,92,500,75,74,63,118,6,False
702,Dedenne,Electric,Fairy,67,58,431,57,81,67,101,6,False
703,Carbink,Rock,Fairy,50,50,500,150,50,150,50,6,False
704,Goomy,Dragon,,45,50,300,35,55,75,40,6,False
705,Sliggoo,Dragon,,68,75,452,53,83,113,60,6,False
706,Goodra,Dragon,,90,100,600,70,110,150,80,6,False
707,Klefki,Steel,Fairy,57,80,470,91,80,87,75,6,False
708,Phantump,Ghost,Grass,43,70,309,48,50,60,38,6,False
709,Trevenant,Ghost,Grass,85,110,474,76,65,82,56,6,False
710,PumpkabooAverage Size,Ghost,Grass,49,66,335,70,44,55,51,6,False
710,PumpkabooSmall Size,Ghost,Grass,44,66,335,70,44,55,56,6,False
710,PumpkabooLarge Size,Ghost,Grass,54,66,335,70,44,55,46,6,False
710,PumpkabooSuper Size,Ghost,Grass,59,66,335,70,44,55,41,6,False
711,GourgeistAverage Size,Ghost,Grass,65,90,494,122,58,75,84,6,False
711,GourgeistSmall Size,Ghost,Grass,55,85,494,122,58,75,99,6,False
711,GourgeistLarge Size,Ghost,Grass,75,95,494,122,58,75,69,6,False
711,GourgeistSuper Size,Ghost,Grass,85,100,494,122,58,75,54,6,False
712,Bergmite,Ice,,55,69,304,85,32,35,28,6,False
713,Avalugg,Ice,,95,117,514,184,44,46,28,6,False
714,Noibat,Flying,Dragon,40,30,245,35,45,40,55,6,False
715,Noivern,Flying,Dragon,85,70,535,80,97,80,123,6,False
716,Xerneas,Fairy,,126,131,680,95,131,98,99,6,True
717,Yveltal,Dark,Flying,126,131,680,95,131,98,99,6,True
718,Zygarde50% Forme,Dragon,Ground,108,100,600,121,81,95,95,6,True
719,Diancie,Rock,Fairy,50,100,600,150,100,150,50,6,True
719,DiancieMega Diancie,Rock,Fairy,50,160,700,110,160,110,110,6,True
720,HoopaHoopa Confined,Psychic,Ghost,80,110,600,60,150,130,70,6,True
720,HoopaHoopa Unbound,Psychic,Dark,80,160,680,60,170,130,80,6,True
721,Volcanion,Fire,Water,80,110,600,120,130,90,70,6,True
